{"alpha": 0.00018980536445682223, "l1_ratio": 0.33703109506665707}